id,shortURI,URI,command
0,"http://t9w.j6.sl.pt","http://cdn.labs.oneoverzero.org/MakerFaire2015/PZHP-RKPG/","mkdir PZHP-RKPG"
1,"http://t9w.j9.sl.pt","http://cdn.labs.oneoverzero.org/MakerFaire2015/N6P6-ITYG/","mkdir N6P6-ITYG"
2,"http://t9w.ja.sl.pt","http://cdn.labs.oneoverzero.org/MakerFaire2015/K706-SN89/","mkdir K706-SN89"
3,"http://t9w.jc.sl.pt","http://cdn.labs.oneoverzero.org/MakerFaire2015/9Y4S-TGOB/","mkdir 9Y4S-TGOB"
4,"http://t9w.jf.sl.pt","http://cdn.labs.oneoverzero.org/MakerFaire2015/HT77-IR25/","mkdir HT77-IR25"
5,"http://t9w.jh.sl.pt","http://cdn.labs.oneoverzero.org/MakerFaire2015/WGMS-NAKS/","mkdir WGMS-NAKS"
6,"http://t9w.jj.sl.pt","http://cdn.labs.oneoverzero.org/MakerFaire2015/IJ4D-VYOQ/","mkdir IJ4D-VYOQ"
7,"http://t9w.jk.sl.pt","http://cdn.labs.oneoverzero.org/MakerFaire2015/DNNC-FRL3/","mkdir DNNC-FRL3"
8,"http://t9w.jm.sl.pt","http://cdn.labs.oneoverzero.org/MakerFaire2015/LQJT-TK9T/","mkdir LQJT-TK9T"
9,"http://t9w.jo.sl.pt","http://cdn.labs.oneoverzero.org/MakerFaire2015/FI5H-C9TP/","mkdir FI5H-C9TP"
10,"http://t9w.jr.sl.pt","http://cdn.labs.oneoverzero.org/MakerFaire2015/Z1TD-4GC3/","mkdir Z1TD-4GC3"
11,"http://t9w.js.sl.pt","http://cdn.labs.oneoverzero.org/MakerFaire2015/TCBM-KEWP/","mkdir TCBM-KEWP"
12,"http://t9w.jv.sl.pt","http://cdn.labs.oneoverzero.org/MakerFaire2015/00LQ-2TYW/","mkdir 00LQ-2TYW"
13,"http://t9w.jw.sl.pt","http://cdn.labs.oneoverzero.org/MakerFaire2015/6OR2-759V/","mkdir 6OR2-759V"
14,"http://t9w.jy.sl.pt","http://cdn.labs.oneoverzero.org/MakerFaire2015/KDY8-KL8B/","mkdir KDY8-KL8B"
15,"http://t9w.k0.sl.pt","http://cdn.labs.oneoverzero.org/MakerFaire2015/QKU3-W17N/","mkdir QKU3-W17N"
16,"http://t9w.k2.sl.pt","http://cdn.labs.oneoverzero.org/MakerFaire2015/IQOE-U82K/","mkdir IQOE-U82K"
17,"http://t9w.k4.sl.pt","http://cdn.labs.oneoverzero.org/MakerFaire2015/LW8B-CZM5/","mkdir LW8B-CZM5"
18,"http://t9w.k6.sl.pt","http://cdn.labs.oneoverzero.org/MakerFaire2015/GNIW-2OYU/","mkdir GNIW-2OYU"
19,"http://t9w.k8.sl.pt","http://cdn.labs.oneoverzero.org/MakerFaire2015/7ACS-17MF/","mkdir 7ACS-17MF"
20,"http://t9w.ka.sl.pt","http://cdn.labs.oneoverzero.org/MakerFaire2015/N871-IGKD/","mkdir N871-IGKD"
21,"http://t9w.kc.sl.pt","http://cdn.labs.oneoverzero.org/MakerFaire2015/BECW-RB2W/","mkdir BECW-RB2W"
22,"http://t9w.ke.sl.pt","http://cdn.labs.oneoverzero.org/MakerFaire2015/KMWX-7917/","mkdir KMWX-7917"
23,"http://t9w.kg.sl.pt","http://cdn.labs.oneoverzero.org/MakerFaire2015/AY58-U6YT/","mkdir AY58-U6YT"
24,"http://t9w.ki.sl.pt","http://cdn.labs.oneoverzero.org/MakerFaire2015/N6S4-H5KH/","mkdir N6S4-H5KH"
25,"http://t9w.kl.sl.pt","http://cdn.labs.oneoverzero.org/MakerFaire2015/6ZGV-6MAC/","mkdir 6ZGV-6MAC"
26,"http://t9w.km.sl.pt","http://cdn.labs.oneoverzero.org/MakerFaire2015/IQA9-MZY2/","mkdir IQA9-MZY2"
27,"http://t9w.ko.sl.pt","http://cdn.labs.oneoverzero.org/MakerFaire2015/NRZF-4GLZ/","mkdir NRZF-4GLZ"
28,"http://t9w.kq.sl.pt","http://cdn.labs.oneoverzero.org/MakerFaire2015/G47R-BQPX/","mkdir G47R-BQPX"
29,"http://t9w.kt.sl.pt","http://cdn.labs.oneoverzero.org/MakerFaire2015/44TQ-19FH/","mkdir 44TQ-19FH"
30,"http://t9w.ku.sl.pt","http://cdn.labs.oneoverzero.org/MakerFaire2015/L4LV-Q5G8/","mkdir L4LV-Q5G8"
31,"http://t9w.kx.sl.pt","http://cdn.labs.oneoverzero.org/MakerFaire2015/19P1-QKAW/","mkdir 19P1-QKAW"
32,"http://t9w.ky.sl.pt","http://cdn.labs.oneoverzero.org/MakerFaire2015/S3IK-L10O/","mkdir S3IK-L10O"
33,"http://t9w.l0.sl.pt","http://cdn.labs.oneoverzero.org/MakerFaire2015/QSSW-OJNI/","mkdir QSSW-OJNI"
34,"http://t9w.l2.sl.pt","http://cdn.labs.oneoverzero.org/MakerFaire2015/951E-0YEK/","mkdir 951E-0YEK"
35,"http://t9w.l4.sl.pt","http://cdn.labs.oneoverzero.org/MakerFaire2015/6F1R-8F92/","mkdir 6F1R-8F92"
36,"http://t9w.l6.sl.pt","http://cdn.labs.oneoverzero.org/MakerFaire2015/V1SF-7MOI/","mkdir V1SF-7MOI"
37,"http://t9w.l8.sl.pt","http://cdn.labs.oneoverzero.org/MakerFaire2015/8ZG0-IB6R/","mkdir 8ZG0-IB6R"
38,"http://t9w.la.sl.pt","http://cdn.labs.oneoverzero.org/MakerFaire2015/6084-QQKO/","mkdir 6084-QQKO"
39,"http://t9w.ld.sl.pt","http://cdn.labs.oneoverzero.org/MakerFaire2015/12NW-4S08/","mkdir 12NW-4S08"
40,"http://t9w.le.sl.pt","http://cdn.labs.oneoverzero.org/MakerFaire2015/ET1N-V5GM/","mkdir ET1N-V5GM"
41,"http://t9w.lg.sl.pt","http://cdn.labs.oneoverzero.org/MakerFaire2015/K31B-05IL/","mkdir K31B-05IL"
42,"http://t9w.lj.sl.pt","http://cdn.labs.oneoverzero.org/MakerFaire2015/OIY9-X271/","mkdir OIY9-X271"
43,"http://t9w.lk.sl.pt","http://cdn.labs.oneoverzero.org/MakerFaire2015/6UAS-38HM/","mkdir 6UAS-38HM"
44,"http://t9w.lm.sl.pt","http://cdn.labs.oneoverzero.org/MakerFaire2015/R4CK-M2XC/","mkdir R4CK-M2XC"
45,"http://t9w.lp.sl.pt","http://cdn.labs.oneoverzero.org/MakerFaire2015/DR1N-CLQU/","mkdir DR1N-CLQU"
46,"http://t9w.lq.sl.pt","http://cdn.labs.oneoverzero.org/MakerFaire2015/Q9OU-K99M/","mkdir Q9OU-K99M"
47,"http://t9w.ls.sl.pt","http://cdn.labs.oneoverzero.org/MakerFaire2015/444D-J36S/","mkdir 444D-J36S"
48,"http://t9w.lv.sl.pt","http://cdn.labs.oneoverzero.org/MakerFaire2015/SSBG-1O52/","mkdir SSBG-1O52"
49,"http://t9w.lw.sl.pt","http://cdn.labs.oneoverzero.org/MakerFaire2015/E6F0-WOHO/","mkdir E6F0-WOHO"
50,"http://t9w.ly.sl.pt","http://cdn.labs.oneoverzero.org/MakerFaire2015/CNKP-H2C7/","mkdir CNKP-H2C7"
51,"http://t9w.m1.sl.pt","http://cdn.labs.oneoverzero.org/MakerFaire2015/MPM4-ST3B/","mkdir MPM4-ST3B"
52,"http://t9w.m2.sl.pt","http://cdn.labs.oneoverzero.org/MakerFaire2015/D1AD-HL3D/","mkdir D1AD-HL3D"
53,"http://t9w.m5.sl.pt","http://cdn.labs.oneoverzero.org/MakerFaire2015/YWGM-F7UA/","mkdir YWGM-F7UA"
54,"http://t9w.m6.sl.pt","http://cdn.labs.oneoverzero.org/MakerFaire2015/KJH1-3NWQ/","mkdir KJH1-3NWQ"
55,"http://t9w.m9.sl.pt","http://cdn.labs.oneoverzero.org/MakerFaire2015/GHGA-ZH8T/","mkdir GHGA-ZH8T"
56,"http://t9w.ma.sl.pt","http://cdn.labs.oneoverzero.org/MakerFaire2015/ALR0-0IGH/","mkdir ALR0-0IGH"
57,"http://t9w.mc.sl.pt","http://cdn.labs.oneoverzero.org/MakerFaire2015/UQQT-S8PH/","mkdir UQQT-S8PH"
58,"http://t9w.mf.sl.pt","http://cdn.labs.oneoverzero.org/MakerFaire2015/M7D8-B1SC/","mkdir M7D8-B1SC"
59,"http://t9w.mh.sl.pt","http://cdn.labs.oneoverzero.org/MakerFaire2015/I78C-AT6V/","mkdir I78C-AT6V"
60,"http://t9w.mi.sl.pt","http://cdn.labs.oneoverzero.org/MakerFaire2015/0DQE-7IEG/","mkdir 0DQE-7IEG"
61,"http://t9w.ml.sl.pt","http://cdn.labs.oneoverzero.org/MakerFaire2015/QAQL-FRGM/","mkdir QAQL-FRGM"
62,"http://t9w.mm.sl.pt","http://cdn.labs.oneoverzero.org/MakerFaire2015/0GYC-7DQW/","mkdir 0GYC-7DQW"
63,"http://t9w.mo.sl.pt","http://cdn.labs.oneoverzero.org/MakerFaire2015/1X13-JXOG/","mkdir 1X13-JXOG"
64,"http://t9w.mq.sl.pt","http://cdn.labs.oneoverzero.org/MakerFaire2015/CNK7-H7T9/","mkdir CNK7-H7T9"
65,"http://t9w.ms.sl.pt","http://cdn.labs.oneoverzero.org/MakerFaire2015/8Z05-RYCS/","mkdir 8Z05-RYCS"
66,"http://t9w.mu.sl.pt","http://cdn.labs.oneoverzero.org/MakerFaire2015/F3GC-1YA8/","mkdir F3GC-1YA8"
67,"http://t9w.mx.sl.pt","http://cdn.labs.oneoverzero.org/MakerFaire2015/5C74-PVX8/","mkdir 5C74-PVX8"
68,"http://t9w.my.sl.pt","http://cdn.labs.oneoverzero.org/MakerFaire2015/E902-M47A/","mkdir E902-M47A"
69,"http://t9w.n0.sl.pt","http://cdn.labs.oneoverzero.org/MakerFaire2015/WGBY-YI10/","mkdir WGBY-YI10"
70,"http://t9w.n2.sl.pt","http://cdn.labs.oneoverzero.org/MakerFaire2015/OWVE-B8RF/","mkdir OWVE-B8RF"
71,"http://t9w.n4.sl.pt","http://cdn.labs.oneoverzero.org/MakerFaire2015/HNXC-XBJQ/","mkdir HNXC-XBJQ"
72,"http://t9w.n7.sl.pt","http://cdn.labs.oneoverzero.org/MakerFaire2015/ICJP-RAYY/","mkdir ICJP-RAYY"
73,"http://t9w.n9.sl.pt","http://cdn.labs.oneoverzero.org/MakerFaire2015/6IVQ-QR0F/","mkdir 6IVQ-QR0F"
74,"http://t9w.na.sl.pt","http://cdn.labs.oneoverzero.org/MakerFaire2015/LCCK-LORR/","mkdir LCCK-LORR"
75,"http://t9w.nc.sl.pt","http://cdn.labs.oneoverzero.org/MakerFaire2015/WFYV-QKRJ/","mkdir WFYV-QKRJ"
76,"http://t9w.ne.sl.pt","http://cdn.labs.oneoverzero.org/MakerFaire2015/K92X-6QWT/","mkdir K92X-6QWT"
77,"http://t9w.nh.sl.pt","http://cdn.labs.oneoverzero.org/MakerFaire2015/2AII-5A9M/","mkdir 2AII-5A9M"
78,"http://t9w.ni.sl.pt","http://cdn.labs.oneoverzero.org/MakerFaire2015/N4KA-DR5Q/","mkdir N4KA-DR5Q"
79,"http://t9w.nk.sl.pt","http://cdn.labs.oneoverzero.org/MakerFaire2015/C9QK-CCYN/","mkdir C9QK-CCYN"
80,"http://t9w.nn.sl.pt","http://cdn.labs.oneoverzero.org/MakerFaire2015/MDF2-JPDL/","mkdir MDF2-JPDL"
81,"http://t9w.no.sl.pt","http://cdn.labs.oneoverzero.org/MakerFaire2015/XRK1-T763/","mkdir XRK1-T763"
82,"http://t9w.nr.sl.pt","http://cdn.labs.oneoverzero.org/MakerFaire2015/55IS-W5E3/","mkdir 55IS-W5E3"
83,"http://t9w.ns.sl.pt","http://cdn.labs.oneoverzero.org/MakerFaire2015/QFW3-UISK/","mkdir QFW3-UISK"
84,"http://t9w.nu.sl.pt","http://cdn.labs.oneoverzero.org/MakerFaire2015/GYMY-3GH6/","mkdir GYMY-3GH6"
85,"http://t9w.nw.sl.pt","http://cdn.labs.oneoverzero.org/MakerFaire2015/A8KE-V0WV/","mkdir A8KE-V0WV"
86,"http://t9w.ny.sl.pt","http://cdn.labs.oneoverzero.org/MakerFaire2015/CST7-R9BN/","mkdir CST7-R9BN"
87,"http://t9w.o1.sl.pt","http://cdn.labs.oneoverzero.org/MakerFaire2015/HYST-N5U3/","mkdir HYST-N5U3"
88,"http://t9w.o3.sl.pt","http://cdn.labs.oneoverzero.org/MakerFaire2015/2KI0-42H9/","mkdir 2KI0-42H9"
89,"http://t9w.o4.sl.pt","http://cdn.labs.oneoverzero.org/MakerFaire2015/ES3K-2K81/","mkdir ES3K-2K81"
90,"http://t9w.o7.sl.pt","http://cdn.labs.oneoverzero.org/MakerFaire2015/WFKO-SI78/","mkdir WFKO-SI78"
91,"http://t9w.o8.sl.pt","http://cdn.labs.oneoverzero.org/MakerFaire2015/FYV2-Z3W6/","mkdir FYV2-Z3W6"
92,"http://t9w.oa.sl.pt","http://cdn.labs.oneoverzero.org/MakerFaire2015/M9WU-PZVU/","mkdir M9WU-PZVU"
93,"http://t9w.oc.sl.pt","http://cdn.labs.oneoverzero.org/MakerFaire2015/FVLA-IZCE/","mkdir FVLA-IZCE"
94,"http://t9w.of.sl.pt","http://cdn.labs.oneoverzero.org/MakerFaire2015/5N9O-8ASC/","mkdir 5N9O-8ASC"
95,"http://t9w.og.sl.pt","http://cdn.labs.oneoverzero.org/MakerFaire2015/RKXW-3C20/","mkdir RKXW-3C20"
96,"http://t9w.oi.sl.pt","http://cdn.labs.oneoverzero.org/MakerFaire2015/XUQP-MKNE/","mkdir XUQP-MKNE"
97,"http://t9w.ol.sl.pt","http://cdn.labs.oneoverzero.org/MakerFaire2015/9D1J-1LMW/","mkdir 9D1J-1LMW"
98,"http://t9w.om.sl.pt","http://cdn.labs.oneoverzero.org/MakerFaire2015/FHWY-0KZ9/","mkdir FHWY-0KZ9"
99,"http://t9w.oo.sl.pt","http://cdn.labs.oneoverzero.org/MakerFaire2015/RGN9-678F/","mkdir RGN9-678F"
100,"http://t9w.oq.sl.pt","http://cdn.labs.oneoverzero.org/MakerFaire2015/W0J0-HQAW/","mkdir W0J0-HQAW"
101,"http://t9w.os.sl.pt","http://cdn.labs.oneoverzero.org/MakerFaire2015/LFOV-TRMS/","mkdir LFOV-TRMS"
102,"http://t9w.ou.sl.pt","http://cdn.labs.oneoverzero.org/MakerFaire2015/QY5N-SLXP/","mkdir QY5N-SLXP"
103,"http://t9w.ox.sl.pt","http://cdn.labs.oneoverzero.org/MakerFaire2015/U9UG-8PMY/","mkdir U9UG-8PMY"
104,"http://t9w.oy.sl.pt","http://cdn.labs.oneoverzero.org/MakerFaire2015/NKQP-VSTU/","mkdir NKQP-VSTU"
105,"http://t9w.p0.sl.pt","http://cdn.labs.oneoverzero.org/MakerFaire2015/LL07-JX7Z/","mkdir LL07-JX7Z"
106,"http://t9w.p2.sl.pt","http://cdn.labs.oneoverzero.org/MakerFaire2015/H84O-Y4Y5/","mkdir H84O-Y4Y5"
107,"http://t9w.p5.sl.pt","http://cdn.labs.oneoverzero.org/MakerFaire2015/IO9G-PVG1/","mkdir IO9G-PVG1"
108,"http://t9w.p6.sl.pt","http://cdn.labs.oneoverzero.org/MakerFaire2015/J32I-JGH3/","mkdir J32I-JGH3"
109,"http://t9w.p8.sl.pt","http://cdn.labs.oneoverzero.org/MakerFaire2015/W7BM-T7JE/","mkdir W7BM-T7JE"
110,"http://t9w.pb.sl.pt","http://cdn.labs.oneoverzero.org/MakerFaire2015/577W-HUPB/","mkdir 577W-HUPB"
111,"http://t9w.pc.sl.pt","http://cdn.labs.oneoverzero.org/MakerFaire2015/CNBV-QYIH/","mkdir CNBV-QYIH"
112,"http://t9w.pf.sl.pt","http://cdn.labs.oneoverzero.org/MakerFaire2015/VUUY-FI2H/","mkdir VUUY-FI2H"
113,"http://t9w.pg.sl.pt","http://cdn.labs.oneoverzero.org/MakerFaire2015/JQXT-8T7X/","mkdir JQXT-8T7X"
114,"http://t9w.pi.sl.pt","http://cdn.labs.oneoverzero.org/MakerFaire2015/0CD8-S92S/","mkdir 0CD8-S92S"
115,"http://t9w.pk.sl.pt","http://cdn.labs.oneoverzero.org/MakerFaire2015/1LFA-JSXZ/","mkdir 1LFA-JSXZ"
116,"http://t9w.pm.sl.pt","http://cdn.labs.oneoverzero.org/MakerFaire2015/44BP-421K/","mkdir 44BP-421K"
117,"http://t9w.po.sl.pt","http://cdn.labs.oneoverzero.org/MakerFaire2015/8JBY-BZKW/","mkdir 8JBY-BZKW"
118,"http://t9w.pq.sl.pt","http://cdn.labs.oneoverzero.org/MakerFaire2015/LFDA-14JM/","mkdir LFDA-14JM"
119,"http://t9w.ps.sl.pt","http://cdn.labs.oneoverzero.org/MakerFaire2015/8NVD-MZE8/","mkdir 8NVD-MZE8"
120,"http://t9w.pv.sl.pt","http://cdn.labs.oneoverzero.org/MakerFaire2015/7W02-X7D1/","mkdir 7W02-X7D1"
121,"http://t9w.px.sl.pt","http://cdn.labs.oneoverzero.org/MakerFaire2015/KUO6-X338/","mkdir KUO6-X338"
122,"http://t9w.py.sl.pt","http://cdn.labs.oneoverzero.org/MakerFaire2015/HYGD-8UEQ/","mkdir HYGD-8UEQ"
123,"http://t9w.q0.sl.pt","http://cdn.labs.oneoverzero.org/MakerFaire2015/ZQ8C-0IW9/","mkdir ZQ8C-0IW9"
124,"http://t9w.q2.sl.pt","http://cdn.labs.oneoverzero.org/MakerFaire2015/XS6J-T5I6/","mkdir XS6J-T5I6"
125,"http://t9w.q4.sl.pt","http://cdn.labs.oneoverzero.org/MakerFaire2015/Z2OD-WUQI/","mkdir Z2OD-WUQI"
126,"http://t9w.q6.sl.pt","http://cdn.labs.oneoverzero.org/MakerFaire2015/0W1V-8MME/","mkdir 0W1V-8MME"
127,"http://t9w.q8.sl.pt","http://cdn.labs.oneoverzero.org/MakerFaire2015/SVOL-XBDM/","mkdir SVOL-XBDM"
128,"http://t9w.qb.sl.pt","http://cdn.labs.oneoverzero.org/MakerFaire2015/COZL-9YGU/","mkdir COZL-9YGU"
129,"http://t9w.qc.sl.pt","http://cdn.labs.oneoverzero.org/MakerFaire2015/G9WH-9PPO/","mkdir G9WH-9PPO"
130,"http://t9w.qf.sl.pt","http://cdn.labs.oneoverzero.org/MakerFaire2015/R7WV-JZVC/","mkdir R7WV-JZVC"
131,"http://t9w.qg.sl.pt","http://cdn.labs.oneoverzero.org/MakerFaire2015/8TME-O2IK/","mkdir 8TME-O2IK"
132,"http://t9w.qi.sl.pt","http://cdn.labs.oneoverzero.org/MakerFaire2015/2MTQ-TTVS/","mkdir 2MTQ-TTVS"
133,"http://t9w.qk.sl.pt","http://cdn.labs.oneoverzero.org/MakerFaire2015/8Q3N-HITJ/","mkdir 8Q3N-HITJ"
134,"http://t9w.qn.sl.pt","http://cdn.labs.oneoverzero.org/MakerFaire2015/D78R-5W56/","mkdir D78R-5W56"
135,"http://t9w.qo.sl.pt","http://cdn.labs.oneoverzero.org/MakerFaire2015/G3RN-NTZB/","mkdir G3RN-NTZB"
136,"http://t9w.qq.sl.pt","http://cdn.labs.oneoverzero.org/MakerFaire2015/6PDE-S953/","mkdir 6PDE-S953"
137,"http://t9w.qs.sl.pt","http://cdn.labs.oneoverzero.org/MakerFaire2015/1Q1X-DGL4/","mkdir 1Q1X-DGL4"
138,"http://t9w.qu.sl.pt","http://cdn.labs.oneoverzero.org/MakerFaire2015/IHQ4-7Y8N/","mkdir IHQ4-7Y8N"
139,"http://t9w.qx.sl.pt","http://cdn.labs.oneoverzero.org/MakerFaire2015/P5RT-EDL0/","mkdir P5RT-EDL0"
140,"http://t9w.qy.sl.pt","http://cdn.labs.oneoverzero.org/MakerFaire2015/2LON-HMAM/","mkdir 2LON-HMAM"
141,"http://t9w.r1.sl.pt","http://cdn.labs.oneoverzero.org/MakerFaire2015/SZYY-0M2R/","mkdir SZYY-0M2R"
142,"http://t9w.r2.sl.pt","http://cdn.labs.oneoverzero.org/MakerFaire2015/DM4E-BTEW/","mkdir DM4E-BTEW"
143,"http://t9w.r4.sl.pt","http://cdn.labs.oneoverzero.org/MakerFaire2015/5ES1-873B/","mkdir 5ES1-873B"
144,"http://t9w.r6.sl.pt","http://cdn.labs.oneoverzero.org/MakerFaire2015/CBK0-460R/","mkdir CBK0-460R"
145,"http://t9w.r8.sl.pt","http://cdn.labs.oneoverzero.org/MakerFaire2015/C2HO-OBT4/","mkdir C2HO-OBT4"
146,"http://t9w.ra.sl.pt","http://cdn.labs.oneoverzero.org/MakerFaire2015/GE17-L5HU/","mkdir GE17-L5HU"
147,"http://t9w.rc.sl.pt","http://cdn.labs.oneoverzero.org/MakerFaire2015/O8B5-19YG/","mkdir O8B5-19YG"
148,"http://t9w.re.sl.pt","http://cdn.labs.oneoverzero.org/MakerFaire2015/EQL6-IQZ5/","mkdir EQL6-IQZ5"
149,"http://t9w.rg.sl.pt","http://cdn.labs.oneoverzero.org/MakerFaire2015/A6K5-YJVI/","mkdir A6K5-YJVI"
150,"http://t9w.rj.sl.pt","http://cdn.labs.oneoverzero.org/MakerFaire2015/1H58-CIOG/","mkdir 1H58-CIOG"
151,"http://t9w.rk.sl.pt","http://cdn.labs.oneoverzero.org/MakerFaire2015/EBHR-VB4Z/","mkdir EBHR-VB4Z"
152,"http://t9w.rm.sl.pt","http://cdn.labs.oneoverzero.org/MakerFaire2015/3CAZ-6HHR/","mkdir 3CAZ-6HHR"
153,"http://t9w.ro.sl.pt","http://cdn.labs.oneoverzero.org/MakerFaire2015/QC0J-GII1/","mkdir QC0J-GII1"
154,"http://t9w.rq.sl.pt","http://cdn.labs.oneoverzero.org/MakerFaire2015/FY85-Q4CG/","mkdir FY85-Q4CG"
155,"http://t9w.rs.sl.pt","http://cdn.labs.oneoverzero.org/MakerFaire2015/3AEU-GY70/","mkdir 3AEU-GY70"
156,"http://t9w.ru.sl.pt","http://cdn.labs.oneoverzero.org/MakerFaire2015/MYKD-8180/","mkdir MYKD-8180"
157,"http://t9w.rx.sl.pt","http://cdn.labs.oneoverzero.org/MakerFaire2015/55QU-MPFL/","mkdir 55QU-MPFL"
158,"http://t9w.rz.sl.pt","http://cdn.labs.oneoverzero.org/MakerFaire2015/7ZAX-RMOY/","mkdir 7ZAX-RMOY"
159,"http://t9w.s0.sl.pt","http://cdn.labs.oneoverzero.org/MakerFaire2015/LWYG-90YU/","mkdir LWYG-90YU"
160,"http://t9w.s3.sl.pt","http://cdn.labs.oneoverzero.org/MakerFaire2015/4ZQO-63B7/","mkdir 4ZQO-63B7"
161,"http://t9w.s4.sl.pt","http://cdn.labs.oneoverzero.org/MakerFaire2015/Y5LZ-T8WY/","mkdir Y5LZ-T8WY"
162,"http://t9w.s6.sl.pt","http://cdn.labs.oneoverzero.org/MakerFaire2015/K933-RDD8/","mkdir K933-RDD8"
163,"http://t9w.s8.sl.pt","http://cdn.labs.oneoverzero.org/MakerFaire2015/MNZ5-TYPC/","mkdir MNZ5-TYPC"
164,"http://t9w.sa.sl.pt","http://cdn.labs.oneoverzero.org/MakerFaire2015/KOAZ-MVOM/","mkdir KOAZ-MVOM"
165,"http://t9w.sc.sl.pt","http://cdn.labs.oneoverzero.org/MakerFaire2015/FX1O-ZW23/","mkdir FX1O-ZW23"
166,"http://t9w.sf.sl.pt","http://cdn.labs.oneoverzero.org/MakerFaire2015/LL0Z-IQUF/","mkdir LL0Z-IQUF"
167,"http://t9w.sg.sl.pt","http://cdn.labs.oneoverzero.org/MakerFaire2015/ERJ5-MMOY/","mkdir ERJ5-MMOY"
168,"http://t9w.si.sl.pt","http://cdn.labs.oneoverzero.org/MakerFaire2015/U9R3-J7EH/","mkdir U9R3-J7EH"
169,"http://t9w.sk.sl.pt","http://cdn.labs.oneoverzero.org/MakerFaire2015/U2WR-GJBJ/","mkdir U2WR-GJBJ"
170,"http://t9w.sm.sl.pt","http://cdn.labs.oneoverzero.org/MakerFaire2015/I566-GGXK/","mkdir I566-GGXK"
171,"http://t9w.so.sl.pt","http://cdn.labs.oneoverzero.org/MakerFaire2015/ENYB-5AO2/","mkdir ENYB-5AO2"
172,"http://t9w.sq.sl.pt","http://cdn.labs.oneoverzero.org/MakerFaire2015/2JA0-73N2/","mkdir 2JA0-73N2"
173,"http://t9w.ss.sl.pt","http://cdn.labs.oneoverzero.org/MakerFaire2015/UFTO-XBBA/","mkdir UFTO-XBBA"
174,"http://t9w.su.sl.pt","http://cdn.labs.oneoverzero.org/MakerFaire2015/WSZL-6RX2/","mkdir WSZL-6RX2"
175,"http://t9w.sw.sl.pt","http://cdn.labs.oneoverzero.org/MakerFaire2015/YIRF-1BQF/","mkdir YIRF-1BQF"
176,"http://t9w.sz.sl.pt","http://cdn.labs.oneoverzero.org/MakerFaire2015/JNDN-1WOT/","mkdir JNDN-1WOT"
177,"http://t9w.t0.sl.pt","http://cdn.labs.oneoverzero.org/MakerFaire2015/TBE8-1GA2/","mkdir TBE8-1GA2"
178,"http://t9w.t3.sl.pt","http://cdn.labs.oneoverzero.org/MakerFaire2015/GJBA-VNQK/","mkdir GJBA-VNQK"
179,"http://t9w.t4.sl.pt","http://cdn.labs.oneoverzero.org/MakerFaire2015/6K41-EIID/","mkdir 6K41-EIID"
180,"http://t9w.t7.sl.pt","http://cdn.labs.oneoverzero.org/MakerFaire2015/4ACP-5N6E/","mkdir 4ACP-5N6E"
181,"http://t9w.t8.sl.pt","http://cdn.labs.oneoverzero.org/MakerFaire2015/0HHF-UIQ3/","mkdir 0HHF-UIQ3"
182,"http://t9w.ta.sl.pt","http://cdn.labs.oneoverzero.org/MakerFaire2015/RT1V-YZ19/","mkdir RT1V-YZ19"
183,"http://t9w.td.sl.pt","http://cdn.labs.oneoverzero.org/MakerFaire2015/DJ24-4SUN/","mkdir DJ24-4SUN"
184,"http://t9w.te.sl.pt","http://cdn.labs.oneoverzero.org/MakerFaire2015/GTWP-BBEI/","mkdir GTWP-BBEI"
185,"http://t9w.th.sl.pt","http://cdn.labs.oneoverzero.org/MakerFaire2015/HBLG-H9O9/","mkdir HBLG-H9O9"
186,"http://t9w.ti.sl.pt","http://cdn.labs.oneoverzero.org/MakerFaire2015/F8RO-22P1/","mkdir F8RO-22P1"
187,"http://t9w.tl.sl.pt","http://cdn.labs.oneoverzero.org/MakerFaire2015/JA2L-JELK/","mkdir JA2L-JELK"
188,"http://t9w.tn.sl.pt","http://cdn.labs.oneoverzero.org/MakerFaire2015/YUIT-E3KQ/","mkdir YUIT-E3KQ"
189,"http://t9w.to.sl.pt","http://cdn.labs.oneoverzero.org/MakerFaire2015/YS7V-3HHM/","mkdir YS7V-3HHM"
190,"http://t9w.tr.sl.pt","http://cdn.labs.oneoverzero.org/MakerFaire2015/RDVZ-EHC5/","mkdir RDVZ-EHC5"
191,"http://t9w.ts.sl.pt","http://cdn.labs.oneoverzero.org/MakerFaire2015/2OQ6-4C1Y/","mkdir 2OQ6-4C1Y"
192,"http://t9w.tu.sl.pt","http://cdn.labs.oneoverzero.org/MakerFaire2015/SHDQ-OYBJ/","mkdir SHDQ-OYBJ"
193,"http://t9w.tx.sl.pt","http://cdn.labs.oneoverzero.org/MakerFaire2015/B2N9-JH07/","mkdir B2N9-JH07"
194,"http://t9w.tz.sl.pt","http://cdn.labs.oneoverzero.org/MakerFaire2015/5IE1-FEIV/","mkdir 5IE1-FEIV"
195,"http://t9w.u0.sl.pt","http://cdn.labs.oneoverzero.org/MakerFaire2015/3E3R-RYDJ/","mkdir 3E3R-RYDJ"
196,"http://t9w.u2.sl.pt","http://cdn.labs.oneoverzero.org/MakerFaire2015/3M9T-CZHC/","mkdir 3M9T-CZHC"
197,"http://t9w.u4.sl.pt","http://cdn.labs.oneoverzero.org/MakerFaire2015/OCXU-BOTR/","mkdir OCXU-BOTR"
198,"http://t9w.u7.sl.pt","http://cdn.labs.oneoverzero.org/MakerFaire2015/NJVR-ECRB/","mkdir NJVR-ECRB"
199,"http://t9w.u9.sl.pt","http://cdn.labs.oneoverzero.org/MakerFaire2015/IK4G-CROQ/","mkdir IK4G-CROQ"
200,"http://t9w.ua.sl.pt","http://cdn.labs.oneoverzero.org/MakerFaire2015/7ZS9-B32S/","mkdir 7ZS9-B32S"
201,"http://t9w.uc.sl.pt","http://cdn.labs.oneoverzero.org/MakerFaire2015/5OB7-GB5Z/","mkdir 5OB7-GB5Z"
202,"http://t9w.ue.sl.pt","http://cdn.labs.oneoverzero.org/MakerFaire2015/L7PN-Q1V2/","mkdir L7PN-Q1V2"
203,"http://t9w.ug.sl.pt","http://cdn.labs.oneoverzero.org/MakerFaire2015/IBLD-3QFI/","mkdir IBLD-3QFI"
204,"http://t9w.ui.sl.pt","http://cdn.labs.oneoverzero.org/MakerFaire2015/NNBM-L0BQ/","mkdir NNBM-L0BQ"
205,"http://t9w.uk.sl.pt","http://cdn.labs.oneoverzero.org/MakerFaire2015/KAXF-9JZ7/","mkdir KAXF-9JZ7"
206,"http://t9w.um.sl.pt","http://cdn.labs.oneoverzero.org/MakerFaire2015/7Z8W-BCZZ/","mkdir 7Z8W-BCZZ"
207,"http://t9w.uo.sl.pt","http://cdn.labs.oneoverzero.org/MakerFaire2015/RKDA-R6ME/","mkdir RKDA-R6ME"
208,"http://t9w.uq.sl.pt","http://cdn.labs.oneoverzero.org/MakerFaire2015/GCOX-MS2P/","mkdir GCOX-MS2P"
209,"http://t9w.us.sl.pt","http://cdn.labs.oneoverzero.org/MakerFaire2015/3Q2X-EOJN/","mkdir 3Q2X-EOJN"
210,"http://t9w.uu.sl.pt","http://cdn.labs.oneoverzero.org/MakerFaire2015/IA5J-7RS0/","mkdir IA5J-7RS0"
211,"http://t9w.uw.sl.pt","http://cdn.labs.oneoverzero.org/MakerFaire2015/64NR-IG3M/","mkdir 64NR-IG3M"
212,"http://t9w.uy.sl.pt","http://cdn.labs.oneoverzero.org/MakerFaire2015/BE4H-P4BM/","mkdir BE4H-P4BM"
213,"http://t9w.v0.sl.pt","http://cdn.labs.oneoverzero.org/MakerFaire2015/77WS-SVJ7/","mkdir 77WS-SVJ7"
214,"http://t9w.v3.sl.pt","http://cdn.labs.oneoverzero.org/MakerFaire2015/M0FT-X8AI/","mkdir M0FT-X8AI"
215,"http://t9w.v4.sl.pt","http://cdn.labs.oneoverzero.org/MakerFaire2015/AT8A-6SDB/","mkdir AT8A-6SDB"
216,"http://t9w.v6.sl.pt","http://cdn.labs.oneoverzero.org/MakerFaire2015/IQSS-2ZKU/","mkdir IQSS-2ZKU"
217,"http://t9w.v9.sl.pt","http://cdn.labs.oneoverzero.org/MakerFaire2015/CXAO-T2GG/","mkdir CXAO-T2GG"
218,"http://t9w.vb.sl.pt","http://cdn.labs.oneoverzero.org/MakerFaire2015/96CM-WWYX/","mkdir 96CM-WWYX"
219,"http://t9w.vd.sl.pt","http://cdn.labs.oneoverzero.org/MakerFaire2015/6A4H-8N0Q/","mkdir 6A4H-8N0Q"
220,"http://t9w.ve.sl.pt","http://cdn.labs.oneoverzero.org/MakerFaire2015/UD00-HE7C/","mkdir UD00-HE7C"
221,"http://t9w.vh.sl.pt","http://cdn.labs.oneoverzero.org/MakerFaire2015/8IY5-KEM0/","mkdir 8IY5-KEM0"
222,"http://t9w.vj.sl.pt","http://cdn.labs.oneoverzero.org/MakerFaire2015/O3QC-R5TU/","mkdir O3QC-R5TU"
223,"http://t9w.vk.sl.pt","http://cdn.labs.oneoverzero.org/MakerFaire2015/U129-D4T1/","mkdir U129-D4T1"
224,"http://t9w.vm.sl.pt","http://cdn.labs.oneoverzero.org/MakerFaire2015/GCSY-MEGV/","mkdir GCSY-MEGV"
225,"http://t9w.vp.sl.pt","http://cdn.labs.oneoverzero.org/MakerFaire2015/M35K-BTLG/","mkdir M35K-BTLG"
226,"http://t9w.vq.sl.pt","http://cdn.labs.oneoverzero.org/MakerFaire2015/N2ZY-ZJO2/","mkdir N2ZY-ZJO2"
227,"http://t9w.vs.sl.pt","http://cdn.labs.oneoverzero.org/MakerFaire2015/ICYW-JXT7/","mkdir ICYW-JXT7"
228,"http://t9w.vu.sl.pt","http://cdn.labs.oneoverzero.org/MakerFaire2015/MEXM-BN2U/","mkdir MEXM-BN2U"
229,"http://t9w.vx.sl.pt","http://cdn.labs.oneoverzero.org/MakerFaire2015/O26K-Y8NE/","mkdir O26K-Y8NE"
230,"http://t9w.vz.sl.pt","http://cdn.labs.oneoverzero.org/MakerFaire2015/GS92-HA24/","mkdir GS92-HA24"
231,"http://t9w.w0.sl.pt","http://cdn.labs.oneoverzero.org/MakerFaire2015/JJVT-CA29/","mkdir JJVT-CA29"
232,"http://t9w.w2.sl.pt","http://cdn.labs.oneoverzero.org/MakerFaire2015/UX9H-NLZM/","mkdir UX9H-NLZM"
233,"http://t9w.w5.sl.pt","http://cdn.labs.oneoverzero.org/MakerFaire2015/7V93-6WV8/","mkdir 7V93-6WV8"
234,"http://t9w.w6.sl.pt","http://cdn.labs.oneoverzero.org/MakerFaire2015/K2ZK-GKG1/","mkdir K2ZK-GKG1"
235,"http://t9w.w8.sl.pt","http://cdn.labs.oneoverzero.org/MakerFaire2015/Z2RT-90RQ/","mkdir Z2RT-90RQ"
236,"http://t9w.wa.sl.pt","http://cdn.labs.oneoverzero.org/MakerFaire2015/ELBS-V09W/","mkdir ELBS-V09W"
237,"http://t9w.wc.sl.pt","http://cdn.labs.oneoverzero.org/MakerFaire2015/FMBT-GHJP/","mkdir FMBT-GHJP"
238,"http://t9w.we.sl.pt","http://cdn.labs.oneoverzero.org/MakerFaire2015/R56K-25YH/","mkdir R56K-25YH"
239,"http://t9w.wh.sl.pt","http://cdn.labs.oneoverzero.org/MakerFaire2015/TKYY-E6E1/","mkdir TKYY-E6E1"
240,"http://t9w.wj.sl.pt","http://cdn.labs.oneoverzero.org/MakerFaire2015/O9DN-1J36/","mkdir O9DN-1J36"
241,"http://t9w.wk.sl.pt","http://cdn.labs.oneoverzero.org/MakerFaire2015/BKHP-BFA0/","mkdir BKHP-BFA0"
242,"http://t9w.wm.sl.pt","http://cdn.labs.oneoverzero.org/MakerFaire2015/59TQ-9U3P/","mkdir 59TQ-9U3P"
243,"http://t9w.wp.sl.pt","http://cdn.labs.oneoverzero.org/MakerFaire2015/97TY-OTRE/","mkdir 97TY-OTRE"
244,"http://t9w.wq.sl.pt","http://cdn.labs.oneoverzero.org/MakerFaire2015/V5Z9-JHFH/","mkdir V5Z9-JHFH"
245,"http://t9w.wt.sl.pt","http://cdn.labs.oneoverzero.org/MakerFaire2015/ITM2-J8LZ/","mkdir ITM2-J8LZ"
246,"http://t9w.wu.sl.pt","http://cdn.labs.oneoverzero.org/MakerFaire2015/ZTG2-JAQW/","mkdir ZTG2-JAQW"
247,"http://t9w.ww.sl.pt","http://cdn.labs.oneoverzero.org/MakerFaire2015/C81L-D334/","mkdir C81L-D334"
248,"http://t9w.wy.sl.pt","http://cdn.labs.oneoverzero.org/MakerFaire2015/SGWA-XLJV/","mkdir SGWA-XLJV"
249,"http://t9w.x0.sl.pt","http://cdn.labs.oneoverzero.org/MakerFaire2015/9YD2-FRBO/","mkdir 9YD2-FRBO"
250,"http://t9w.x2.sl.pt","http://cdn.labs.oneoverzero.org/MakerFaire2015/8HGG-LMI0/","mkdir 8HGG-LMI0"
251,"http://t9w.x5.sl.pt","http://cdn.labs.oneoverzero.org/MakerFaire2015/YT3F-GSRB/","mkdir YT3F-GSRB"
252,"http://t9w.x7.sl.pt","http://cdn.labs.oneoverzero.org/MakerFaire2015/93Y4-0AXK/","mkdir 93Y4-0AXK"
253,"http://t9w.x8.sl.pt","http://cdn.labs.oneoverzero.org/MakerFaire2015/P14F-P3ZD/","mkdir P14F-P3ZD"
254,"http://t9w.xa.sl.pt","http://cdn.labs.oneoverzero.org/MakerFaire2015/TID0-X299/","mkdir TID0-X299"
255,"http://t9w.xc.sl.pt","http://cdn.labs.oneoverzero.org/MakerFaire2015/K3QH-SH0Z/","mkdir K3QH-SH0Z"
256,"http://t9w.xf.sl.pt","http://cdn.labs.oneoverzero.org/MakerFaire2015/MWLG-LW6H/","mkdir MWLG-LW6H"
257,"http://t9w.xg.sl.pt","http://cdn.labs.oneoverzero.org/MakerFaire2015/GK1L-QWX9/","mkdir GK1L-QWX9"
258,"http://t9w.xi.sl.pt","http://cdn.labs.oneoverzero.org/MakerFaire2015/THTT-PH5T/","mkdir THTT-PH5T"
259,"http://t9w.xk.sl.pt","http://cdn.labs.oneoverzero.org/MakerFaire2015/IXJG-P367/","mkdir IXJG-P367"
260,"http://t9w.xm.sl.pt","http://cdn.labs.oneoverzero.org/MakerFaire2015/M3UF-I2RL/","mkdir M3UF-I2RL"
261,"http://t9w.xo.sl.pt","http://cdn.labs.oneoverzero.org/MakerFaire2015/E8Q8-ZHKN/","mkdir E8Q8-ZHKN"
262,"http://t9w.xq.sl.pt","http://cdn.labs.oneoverzero.org/MakerFaire2015/55VN-J1KM/","mkdir 55VN-J1KM"
263,"http://t9w.xs.sl.pt","http://cdn.labs.oneoverzero.org/MakerFaire2015/1BGD-PFG5/","mkdir 1BGD-PFG5"
264,"http://t9w.xu.sl.pt","http://cdn.labs.oneoverzero.org/MakerFaire2015/DPCH-Z4MB/","mkdir DPCH-Z4MB"
265,"http://t9w.xw.sl.pt","http://cdn.labs.oneoverzero.org/MakerFaire2015/WKSE-FJKH/","mkdir WKSE-FJKH"
266,"http://t9w.xy.sl.pt","http://cdn.labs.oneoverzero.org/MakerFaire2015/MGUB-I6O1/","mkdir MGUB-I6O1"
267,"http://t9w.y0.sl.pt","http://cdn.labs.oneoverzero.org/MakerFaire2015/S4TL-ARLZ/","mkdir S4TL-ARLZ"
268,"http://t9w.y2.sl.pt","http://cdn.labs.oneoverzero.org/MakerFaire2015/ECYE-QO3I/","mkdir ECYE-QO3I"
269,"http://t9w.y4.sl.pt","http://cdn.labs.oneoverzero.org/MakerFaire2015/35S0-NWJ8/","mkdir 35S0-NWJ8"
270,"http://t9w.y7.sl.pt","http://cdn.labs.oneoverzero.org/MakerFaire2015/0VY2-GWT6/","mkdir 0VY2-GWT6"
271,"http://t9w.y8.sl.pt","http://cdn.labs.oneoverzero.org/MakerFaire2015/PM6T-ZDQS/","mkdir PM6T-ZDQS"
272,"http://t9w.ya.sl.pt","http://cdn.labs.oneoverzero.org/MakerFaire2015/3J4Z-2KIT/","mkdir 3J4Z-2KIT"
273,"http://t9w.yc.sl.pt","http://cdn.labs.oneoverzero.org/MakerFaire2015/3P0M-L90R/","mkdir 3P0M-L90R"
274,"http://t9w.ye.sl.pt","http://cdn.labs.oneoverzero.org/MakerFaire2015/PHIY-84PM/","mkdir PHIY-84PM"
275,"http://t9w.yg.sl.pt","http://cdn.labs.oneoverzero.org/MakerFaire2015/6OEJ-VY4G/","mkdir 6OEJ-VY4G"
276,"http://t9w.yj.sl.pt","http://cdn.labs.oneoverzero.org/MakerFaire2015/VGMZ-DT4K/","mkdir VGMZ-DT4K"
277,"http://t9w.yk.sl.pt","http://cdn.labs.oneoverzero.org/MakerFaire2015/JVQR-9PQK/","mkdir JVQR-9PQK"
278,"http://t9w.ym.sl.pt","http://cdn.labs.oneoverzero.org/MakerFaire2015/MWIA-CP9M/","mkdir MWIA-CP9M"
279,"http://t9w.yo.sl.pt","http://cdn.labs.oneoverzero.org/MakerFaire2015/X6SS-TKN5/","mkdir X6SS-TKN5"
280,"http://t9w.yr.sl.pt","http://cdn.labs.oneoverzero.org/MakerFaire2015/4DW5-G742/","mkdir 4DW5-G742"
281,"http://t9w.ys.sl.pt","http://cdn.labs.oneoverzero.org/MakerFaire2015/SWXD-W3AO/","mkdir SWXD-W3AO"
282,"http://t9w.yu.sl.pt","http://cdn.labs.oneoverzero.org/MakerFaire2015/B8FG-X5BW/","mkdir B8FG-X5BW"
283,"http://t9w.yw.sl.pt","http://cdn.labs.oneoverzero.org/MakerFaire2015/7UR1-KDR7/","mkdir 7UR1-KDR7"
284,"http://t9w.yy.sl.pt","http://cdn.labs.oneoverzero.org/MakerFaire2015/TCGT-VXF6/","mkdir TCGT-VXF6"
285,"http://t9w.z0.sl.pt","http://cdn.labs.oneoverzero.org/MakerFaire2015/XNP2-Y75Z/","mkdir XNP2-Y75Z"
286,"http://t9w.z2.sl.pt","http://cdn.labs.oneoverzero.org/MakerFaire2015/12LL-Y39B/","mkdir 12LL-Y39B"
287,"http://t9w.z4.sl.pt","http://cdn.labs.oneoverzero.org/MakerFaire2015/7SNP-BR5I/","mkdir 7SNP-BR5I"
288,"http://t9w.z6.sl.pt","http://cdn.labs.oneoverzero.org/MakerFaire2015/3TBC-PP5N/","mkdir 3TBC-PP5N"
289,"http://t9w.z8.sl.pt","http://cdn.labs.oneoverzero.org/MakerFaire2015/JAIS-LV6Y/","mkdir JAIS-LV6Y"
290,"http://t9w.za.sl.pt","http://cdn.labs.oneoverzero.org/MakerFaire2015/SKR2-BVJO/","mkdir SKR2-BVJO"
291,"http://t9w.zc.sl.pt","http://cdn.labs.oneoverzero.org/MakerFaire2015/N060-3XHV/","mkdir N060-3XHV"
292,"http://t9w.ze.sl.pt","http://cdn.labs.oneoverzero.org/MakerFaire2015/WMAL-OT00/","mkdir WMAL-OT00"
293,"http://t9w.zg.sl.pt","http://cdn.labs.oneoverzero.org/MakerFaire2015/83H5-KFUR/","mkdir 83H5-KFUR"
294,"http://t9w.zi.sl.pt","http://cdn.labs.oneoverzero.org/MakerFaire2015/JLTQ-L5NW/","mkdir JLTQ-L5NW"
295,"http://t9w.zk.sl.pt","http://cdn.labs.oneoverzero.org/MakerFaire2015/18I1-ECZN/","mkdir 18I1-ECZN"
296,"http://t9w.zm.sl.pt","http://cdn.labs.oneoverzero.org/MakerFaire2015/68JV-CQBT/","mkdir 68JV-CQBT"
297,"http://t9w.zo.sl.pt","http://cdn.labs.oneoverzero.org/MakerFaire2015/FCLH-0HZR/","mkdir FCLH-0HZR"
298,"http://t9w.zq.sl.pt","http://cdn.labs.oneoverzero.org/MakerFaire2015/4U0G-GYWY/","mkdir 4U0G-GYWY"
299,"http://t9w.zs.sl.pt","http://cdn.labs.oneoverzero.org/MakerFaire2015/KE69-BSHE/","mkdir KE69-BSHE"
300,"http://t9w.zu.sl.pt","http://cdn.labs.oneoverzero.org/MakerFaire2015/HGU7-PEPF/","mkdir HGU7-PEPF"
301,"http://t9w.zw.sl.pt","http://cdn.labs.oneoverzero.org/MakerFaire2015/IKHI-U40E/","mkdir IKHI-U40E"
302,"http://t9w.zy.sl.pt","http://cdn.labs.oneoverzero.org/MakerFaire2015/XFL6-RPXI/","mkdir XFL6-RPXI"
303,"http://t9x.01.sl.pt","http://cdn.labs.oneoverzero.org/MakerFaire2015/TVIS-UGPS/","mkdir TVIS-UGPS"
304,"http://t9x.02.sl.pt","http://cdn.labs.oneoverzero.org/MakerFaire2015/DPLW-S9DT/","mkdir DPLW-S9DT"
305,"http://t9x.04.sl.pt","http://cdn.labs.oneoverzero.org/MakerFaire2015/V3V2-HFJS/","mkdir V3V2-HFJS"
306,"http://t9x.07.sl.pt","http://cdn.labs.oneoverzero.org/MakerFaire2015/U08D-M1EM/","mkdir U08D-M1EM"
307,"http://t9x.08.sl.pt","http://cdn.labs.oneoverzero.org/MakerFaire2015/T4QP-H1IW/","mkdir T4QP-H1IW"
308,"http://t9x.0a.sl.pt","http://cdn.labs.oneoverzero.org/MakerFaire2015/O9V1-SMXK/","mkdir O9V1-SMXK"
309,"http://t9x.0c.sl.pt","http://cdn.labs.oneoverzero.org/MakerFaire2015/GH2H-V7NI/","mkdir GH2H-V7NI"
310,"http://t9x.0f.sl.pt","http://cdn.labs.oneoverzero.org/MakerFaire2015/KCCP-7EME/","mkdir KCCP-7EME"
311,"http://t9x.0g.sl.pt","http://cdn.labs.oneoverzero.org/MakerFaire2015/AUZC-BRLX/","mkdir AUZC-BRLX"
312,"http://t9x.0i.sl.pt","http://cdn.labs.oneoverzero.org/MakerFaire2015/V4O5-ZC2J/","mkdir V4O5-ZC2J"
313,"http://t9x.0k.sl.pt","http://cdn.labs.oneoverzero.org/MakerFaire2015/UFDI-QYSV/","mkdir UFDI-QYSV"
314,"http://t9x.0m.sl.pt","http://cdn.labs.oneoverzero.org/MakerFaire2015/ADID-88EM/","mkdir ADID-88EM"
315,"http://t9x.0o.sl.pt","http://cdn.labs.oneoverzero.org/MakerFaire2015/7KEG-D4ZX/","mkdir 7KEG-D4ZX"
316,"http://t9x.0q.sl.pt","http://cdn.labs.oneoverzero.org/MakerFaire2015/8Q9I-8WFM/","mkdir 8Q9I-8WFM"
317,"http://t9x.0t.sl.pt","http://cdn.labs.oneoverzero.org/MakerFaire2015/JLZD-9VLP/","mkdir JLZD-9VLP"
318,"http://t9x.0u.sl.pt","http://cdn.labs.oneoverzero.org/MakerFaire2015/QEFM-T65R/","mkdir QEFM-T65R"
319,"http://t9x.0x.sl.pt","http://cdn.labs.oneoverzero.org/MakerFaire2015/J001-6DE0/","mkdir J001-6DE0"
320,"http://t9x.0y.sl.pt","http://cdn.labs.oneoverzero.org/MakerFaire2015/HLDZ-89U5/","mkdir HLDZ-89U5"
321,"http://t9x.11.sl.pt","http://cdn.labs.oneoverzero.org/MakerFaire2015/RRWR-04LY/","mkdir RRWR-04LY"
322,"http://t9x.12.sl.pt","http://cdn.labs.oneoverzero.org/MakerFaire2015/YSMU-1L8G/","mkdir YSMU-1L8G"
323,"http://t9x.14.sl.pt","http://cdn.labs.oneoverzero.org/MakerFaire2015/0A71-V48Y/","mkdir 0A71-V48Y"
324,"http://t9x.16.sl.pt","http://cdn.labs.oneoverzero.org/MakerFaire2015/0PPH-5Z6I/","mkdir 0PPH-5Z6I"
325,"http://t9x.19.sl.pt","http://cdn.labs.oneoverzero.org/MakerFaire2015/XDUJ-VC0G/","mkdir XDUJ-VC0G"
326,"http://t9x.1a.sl.pt","http://cdn.labs.oneoverzero.org/MakerFaire2015/EAJX-3ZL1/","mkdir EAJX-3ZL1"
327,"http://t9x.1d.sl.pt","http://cdn.labs.oneoverzero.org/MakerFaire2015/Z1IS-1XCY/","mkdir Z1IS-1XCY"
328,"http://t9x.1f.sl.pt","http://cdn.labs.oneoverzero.org/MakerFaire2015/MDN4-Q08L/","mkdir MDN4-Q08L"
329,"http://t9x.1g.sl.pt","http://cdn.labs.oneoverzero.org/MakerFaire2015/OUW7-AYSF/","mkdir OUW7-AYSF"
330,"http://t9x.1i.sl.pt","http://cdn.labs.oneoverzero.org/MakerFaire2015/4TTU-R91O/","mkdir 4TTU-R91O"
331,"http://t9x.1l.sl.pt","http://cdn.labs.oneoverzero.org/MakerFaire2015/TVKC-2VI2/","mkdir TVKC-2VI2"
332,"http://t9x.1n.sl.pt","http://cdn.labs.oneoverzero.org/MakerFaire2015/DPBJ-W95C/","mkdir DPBJ-W95C"
333,"http://t9x.1o.sl.pt","http://cdn.labs.oneoverzero.org/MakerFaire2015/P9A6-00FN/","mkdir P9A6-00FN"
334,"http://t9x.1q.sl.pt","http://cdn.labs.oneoverzero.org/MakerFaire2015/25AD-NJNP/","mkdir 25AD-NJNP"
335,"http://t9x.1t.sl.pt","http://cdn.labs.oneoverzero.org/MakerFaire2015/H72G-F09A/","mkdir H72G-F09A"
336,"http://t9x.1u.sl.pt","http://cdn.labs.oneoverzero.org/MakerFaire2015/458N-LJ42/","mkdir 458N-LJ42"
337,"http://t9x.1w.sl.pt","http://cdn.labs.oneoverzero.org/MakerFaire2015/2LIK-QCSN/","mkdir 2LIK-QCSN"
338,"http://t9x.1y.sl.pt","http://cdn.labs.oneoverzero.org/MakerFaire2015/OTES-XHY5/","mkdir OTES-XHY5"
339,"http://t9x.20.sl.pt","http://cdn.labs.oneoverzero.org/MakerFaire2015/2HPU-3M8C/","mkdir 2HPU-3M8C"
340,"http://t9x.22.sl.pt","http://cdn.labs.oneoverzero.org/MakerFaire2015/AQ71-59G9/","mkdir AQ71-59G9"
341,"http://t9x.24.sl.pt","http://cdn.labs.oneoverzero.org/MakerFaire2015/ZIKY-R4T4/","mkdir ZIKY-R4T4"
342,"http://t9x.26.sl.pt","http://cdn.labs.oneoverzero.org/MakerFaire2015/7ZWX-2QWQ/","mkdir 7ZWX-2QWQ"
343,"http://t9x.28.sl.pt","http://cdn.labs.oneoverzero.org/MakerFaire2015/5Z9O-6H5M/","mkdir 5Z9O-6H5M"
344,"http://t9x.2b.sl.pt","http://cdn.labs.oneoverzero.org/MakerFaire2015/KYKO-SOSN/","mkdir KYKO-SOSN"
345,"http://t9x.2c.sl.pt","http://cdn.labs.oneoverzero.org/MakerFaire2015/R0SD-SOUJ/","mkdir R0SD-SOUJ"
346,"http://t9x.2e.sl.pt","http://cdn.labs.oneoverzero.org/MakerFaire2015/2RYJ-EN79/","mkdir 2RYJ-EN79"
347,"http://t9x.2g.sl.pt","http://cdn.labs.oneoverzero.org/MakerFaire2015/FN6T-OIMT/","mkdir FN6T-OIMT"
348,"http://t9x.2i.sl.pt","http://cdn.labs.oneoverzero.org/MakerFaire2015/PJ6V-M9NA/","mkdir PJ6V-M9NA"
349,"http://t9x.2k.sl.pt","http://cdn.labs.oneoverzero.org/MakerFaire2015/YIE6-7Z7L/","mkdir YIE6-7Z7L"
350,"http://t9x.2m.sl.pt","http://cdn.labs.oneoverzero.org/MakerFaire2015/KXID-NUCL/","mkdir KXID-NUCL"
351,"http://t9x.2p.sl.pt","http://cdn.labs.oneoverzero.org/MakerFaire2015/5DZY-12X1/","mkdir 5DZY-12X1"
352,"http://t9x.2q.sl.pt","http://cdn.labs.oneoverzero.org/MakerFaire2015/RNHP-ZV52/","mkdir RNHP-ZV52"
353,"http://t9x.2s.sl.pt","http://cdn.labs.oneoverzero.org/MakerFaire2015/379N-U7NN/","mkdir 379N-U7NN"
354,"http://t9x.2u.sl.pt","http://cdn.labs.oneoverzero.org/MakerFaire2015/VYTV-TR8E/","mkdir VYTV-TR8E"
355,"http://t9x.2x.sl.pt","http://cdn.labs.oneoverzero.org/MakerFaire2015/BQJ4-2HTT/","mkdir BQJ4-2HTT"
356,"http://t9x.2y.sl.pt","http://cdn.labs.oneoverzero.org/MakerFaire2015/SPA1-0PBI/","mkdir SPA1-0PBI"
357,"http://t9x.31.sl.pt","http://cdn.labs.oneoverzero.org/MakerFaire2015/Z6VZ-3VO0/","mkdir Z6VZ-3VO0"
358,"http://t9x.32.sl.pt","http://cdn.labs.oneoverzero.org/MakerFaire2015/QVS2-XVV3/","mkdir QVS2-XVV3"
359,"http://t9x.34.sl.pt","http://cdn.labs.oneoverzero.org/MakerFaire2015/AY2X-A6IP/","mkdir AY2X-A6IP"
360,"http://t9x.37.sl.pt","http://cdn.labs.oneoverzero.org/MakerFaire2015/VDWT-1FVJ/","mkdir VDWT-1FVJ"
361,"http://t9x.38.sl.pt","http://cdn.labs.oneoverzero.org/MakerFaire2015/P5Q7-VY7Y/","mkdir P5Q7-VY7Y"
362,"http://t9x.3a.sl.pt","http://cdn.labs.oneoverzero.org/MakerFaire2015/RTKO-YE45/","mkdir RTKO-YE45"
363,"http://t9x.3c.sl.pt","http://cdn.labs.oneoverzero.org/MakerFaire2015/8BBJ-21YB/","mkdir 8BBJ-21YB"
364,"http://t9x.3e.sl.pt","http://cdn.labs.oneoverzero.org/MakerFaire2015/4XRH-PITG/","mkdir 4XRH-PITG"
365,"http://t9x.3h.sl.pt","http://cdn.labs.oneoverzero.org/MakerFaire2015/P7RM-KQUG/","mkdir P7RM-KQUG"
366,"http://t9x.3i.sl.pt","http://cdn.labs.oneoverzero.org/MakerFaire2015/2SWZ-1UPK/","mkdir 2SWZ-1UPK"
367,"http://t9x.3k.sl.pt","http://cdn.labs.oneoverzero.org/MakerFaire2015/U86C-LBYH/","mkdir U86C-LBYH"
368,"http://t9x.3n.sl.pt","http://cdn.labs.oneoverzero.org/MakerFaire2015/V7RV-NC3L/","mkdir V7RV-NC3L"
369,"http://t9x.3o.sl.pt","http://cdn.labs.oneoverzero.org/MakerFaire2015/MXVZ-GZYI/","mkdir MXVZ-GZYI"
370,"http://t9x.3q.sl.pt","http://cdn.labs.oneoverzero.org/MakerFaire2015/MLJ0-C4Y5/","mkdir MLJ0-C4Y5"
371,"http://t9x.3s.sl.pt","http://cdn.labs.oneoverzero.org/MakerFaire2015/7PLG-UD6D/","mkdir 7PLG-UD6D"
372,"http://t9x.3u.sl.pt","http://cdn.labs.oneoverzero.org/MakerFaire2015/K957-YOH9/","mkdir K957-YOH9"
373,"http://t9x.3w.sl.pt","http://cdn.labs.oneoverzero.org/MakerFaire2015/NWUG-XL9N/","mkdir NWUG-XL9N"
374,"http://t9x.3y.sl.pt","http://cdn.labs.oneoverzero.org/MakerFaire2015/ED1B-90IO/","mkdir ED1B-90IO"
375,"http://t9x.40.sl.pt","http://cdn.labs.oneoverzero.org/MakerFaire2015/HR5A-MG1A/","mkdir HR5A-MG1A"
376,"http://t9x.42.sl.pt","http://cdn.labs.oneoverzero.org/MakerFaire2015/NTZX-Q9KK/","mkdir NTZX-Q9KK"
377,"http://t9x.44.sl.pt","http://cdn.labs.oneoverzero.org/MakerFaire2015/1LJN-SRHF/","mkdir 1LJN-SRHF"
378,"http://t9x.46.sl.pt","http://cdn.labs.oneoverzero.org/MakerFaire2015/LMLS-F7KL/","mkdir LMLS-F7KL"
379,"http://t9x.48.sl.pt","http://cdn.labs.oneoverzero.org/MakerFaire2015/4LJZ-6PCY/","mkdir 4LJZ-6PCY"
380,"http://t9x.4a.sl.pt","http://cdn.labs.oneoverzero.org/MakerFaire2015/K4L6-96R6/","mkdir K4L6-96R6"
381,"http://t9x.4c.sl.pt","http://cdn.labs.oneoverzero.org/MakerFaire2015/ZZR5-OYMD/","mkdir ZZR5-OYMD"
382,"http://t9x.4e.sl.pt","http://cdn.labs.oneoverzero.org/MakerFaire2015/QSVQ-6F9X/","mkdir QSVQ-6F9X"
383,"http://t9x.4g.sl.pt","http://cdn.labs.oneoverzero.org/MakerFaire2015/WSMA-T04X/","mkdir WSMA-T04X"
384,"http://t9x.4i.sl.pt","http://cdn.labs.oneoverzero.org/MakerFaire2015/0R4P-JP7A/","mkdir 0R4P-JP7A"
385,"http://t9x.4k.sl.pt","http://cdn.labs.oneoverzero.org/MakerFaire2015/LL04-4NSJ/","mkdir LL04-4NSJ"
386,"http://t9x.4n.sl.pt","http://cdn.labs.oneoverzero.org/MakerFaire2015/PJR7-2ULI/","mkdir PJR7-2ULI"
387,"http://t9x.4o.sl.pt","http://cdn.labs.oneoverzero.org/MakerFaire2015/1DRU-BRG8/","mkdir 1DRU-BRG8"
388,"http://t9x.4q.sl.pt","http://cdn.labs.oneoverzero.org/MakerFaire2015/ORUK-FJC4/","mkdir ORUK-FJC4"
389,"http://t9x.4s.sl.pt","http://cdn.labs.oneoverzero.org/MakerFaire2015/S9YN-3LF2/","mkdir S9YN-3LF2"
390,"http://t9x.4u.sl.pt","http://cdn.labs.oneoverzero.org/MakerFaire2015/FYI4-OZK9/","mkdir FYI4-OZK9"
391,"http://t9x.4w.sl.pt","http://cdn.labs.oneoverzero.org/MakerFaire2015/6OB1-H8TF/","mkdir 6OB1-H8TF"
392,"http://t9x.4y.sl.pt","http://cdn.labs.oneoverzero.org/MakerFaire2015/DXQU-MGSN/","mkdir DXQU-MGSN"
393,"http://t9x.50.sl.pt","http://cdn.labs.oneoverzero.org/MakerFaire2015/L1K4-AQ9J/","mkdir L1K4-AQ9J"
394,"http://t9x.52.sl.pt","http://cdn.labs.oneoverzero.org/MakerFaire2015/RHDO-5WI5/","mkdir RHDO-5WI5"
395,"http://t9x.54.sl.pt","http://cdn.labs.oneoverzero.org/MakerFaire2015/UH9J-EDV2/","mkdir UH9J-EDV2"
396,"http://t9x.57.sl.pt","http://cdn.labs.oneoverzero.org/MakerFaire2015/8VYC-XLB5/","mkdir 8VYC-XLB5"
397,"http://t9x.58.sl.pt","http://cdn.labs.oneoverzero.org/MakerFaire2015/U669-X2JP/","mkdir U669-X2JP"
398,"http://t9x.5a.sl.pt","http://cdn.labs.oneoverzero.org/MakerFaire2015/XMNV-WAWS/","mkdir XMNV-WAWS"
399,"http://t9x.5c.sl.pt","http://cdn.labs.oneoverzero.org/MakerFaire2015/RW9Q-7RW0/","mkdir RW9Q-7RW0"
400,"http://t9x.5e.sl.pt","http://cdn.labs.oneoverzero.org/MakerFaire2015/3MQQ-4EJ5/","mkdir 3MQQ-4EJ5"
401,"http://t9x.5g.sl.pt","http://cdn.labs.oneoverzero.org/MakerFaire2015/46XD-7S31/","mkdir 46XD-7S31"
402,"http://t9x.5i.sl.pt","http://cdn.labs.oneoverzero.org/MakerFaire2015/S45A-X1CC/","mkdir S45A-X1CC"
403,"http://t9x.5k.sl.pt","http://cdn.labs.oneoverzero.org/MakerFaire2015/OJY0-3XQ1/","mkdir OJY0-3XQ1"
404,"http://t9x.5m.sl.pt","http://cdn.labs.oneoverzero.org/MakerFaire2015/CVEU-1D6W/","mkdir CVEU-1D6W"
405,"http://t9x.5q.sl.pt","http://cdn.labs.oneoverzero.org/MakerFaire2015/1DAY-XC8I/","mkdir 1DAY-XC8I"
406,"http://t9x.5s.sl.pt","http://cdn.labs.oneoverzero.org/MakerFaire2015/OKM5-MQR3/","mkdir OKM5-MQR3"
407,"http://t9x.5u.sl.pt","http://cdn.labs.oneoverzero.org/MakerFaire2015/VS73-OZ85/","mkdir VS73-OZ85"
408,"http://t9x.5x.sl.pt","http://cdn.labs.oneoverzero.org/MakerFaire2015/IUGD-8QJT/","mkdir IUGD-8QJT"
409,"http://t9x.5y.sl.pt","http://cdn.labs.oneoverzero.org/MakerFaire2015/EAGI-QOAK/","mkdir EAGI-QOAK"
410,"http://t9x.60.sl.pt","http://cdn.labs.oneoverzero.org/MakerFaire2015/9OGE-R9ZY/","mkdir 9OGE-R9ZY"
411,"http://t9x.62.sl.pt","http://cdn.labs.oneoverzero.org/MakerFaire2015/CKSI-9ZRG/","mkdir CKSI-9ZRG"
412,"http://t9x.65.sl.pt","http://cdn.labs.oneoverzero.org/MakerFaire2015/K45Q-1NHD/","mkdir K45Q-1NHD"
413,"http://t9x.66.sl.pt","http://cdn.labs.oneoverzero.org/MakerFaire2015/BY8P-2IK1/","mkdir BY8P-2IK1"
414,"http://t9x.68.sl.pt","http://cdn.labs.oneoverzero.org/MakerFaire2015/IJ3N-YIHY/","mkdir IJ3N-YIHY"
415,"http://t9x.6b.sl.pt","http://cdn.labs.oneoverzero.org/MakerFaire2015/QG1Z-8SE3/","mkdir QG1Z-8SE3"
416,"http://t9x.6c.sl.pt","http://cdn.labs.oneoverzero.org/MakerFaire2015/FDOU-P7Y0/","mkdir FDOU-P7Y0"
417,"http://t9x.6e.sl.pt","http://cdn.labs.oneoverzero.org/MakerFaire2015/COUC-61YJ/","mkdir COUC-61YJ"
418,"http://t9x.6h.sl.pt","http://cdn.labs.oneoverzero.org/MakerFaire2015/SILT-H6ER/","mkdir SILT-H6ER"
419,"http://t9x.6i.sl.pt","http://cdn.labs.oneoverzero.org/MakerFaire2015/WCO9-4ORH/","mkdir WCO9-4ORH"
420,"http://t9x.6l.sl.pt","http://cdn.labs.oneoverzero.org/MakerFaire2015/Y95U-L0EZ/","mkdir Y95U-L0EZ"
421,"http://t9x.6n.sl.pt","http://cdn.labs.oneoverzero.org/MakerFaire2015/7WSC-KAUP/","mkdir 7WSC-KAUP"
422,"http://t9x.6o.sl.pt","http://cdn.labs.oneoverzero.org/MakerFaire2015/2EVN-8WZK/","mkdir 2EVN-8WZK"
423,"http://t9x.6q.sl.pt","http://cdn.labs.oneoverzero.org/MakerFaire2015/EJRE-ML8G/","mkdir EJRE-ML8G"
424,"http://t9x.6t.sl.pt","http://cdn.labs.oneoverzero.org/MakerFaire2015/QXBS-EURE/","mkdir QXBS-EURE"
425,"http://t9x.6u.sl.pt","http://cdn.labs.oneoverzero.org/MakerFaire2015/994V-NB3W/","mkdir 994V-NB3W"
426,"http://t9x.6w.sl.pt","http://cdn.labs.oneoverzero.org/MakerFaire2015/NN88-EIMS/","mkdir NN88-EIMS"
427,"http://t9x.6z.sl.pt","http://cdn.labs.oneoverzero.org/MakerFaire2015/95EX-MPJO/","mkdir 95EX-MPJO"
428,"http://t9x.70.sl.pt","http://cdn.labs.oneoverzero.org/MakerFaire2015/CVB4-AGWZ/","mkdir CVB4-AGWZ"
429,"http://t9x.72.sl.pt","http://cdn.labs.oneoverzero.org/MakerFaire2015/RVQW-YJ9J/","mkdir RVQW-YJ9J"
430,"http://t9x.74.sl.pt","http://cdn.labs.oneoverzero.org/MakerFaire2015/347U-0RNM/","mkdir 347U-0RNM"
431,"http://t9x.76.sl.pt","http://cdn.labs.oneoverzero.org/MakerFaire2015/I5RW-NS9T/","mkdir I5RW-NS9T"
432,"http://t9x.78.sl.pt","http://cdn.labs.oneoverzero.org/MakerFaire2015/MSGA-UNS4/","mkdir MSGA-UNS4"
433,"http://t9x.7a.sl.pt","http://cdn.labs.oneoverzero.org/MakerFaire2015/OEQC-HDRI/","mkdir OEQC-HDRI"
434,"http://t9x.7c.sl.pt","http://cdn.labs.oneoverzero.org/MakerFaire2015/93VI-A4WP/","mkdir 93VI-A4WP"
435,"http://t9x.7e.sl.pt","http://cdn.labs.oneoverzero.org/MakerFaire2015/CJ2A-XF6B/","mkdir CJ2A-XF6B"
436,"http://t9x.7g.sl.pt","http://cdn.labs.oneoverzero.org/MakerFaire2015/459U-GB6N/","mkdir 459U-GB6N"
437,"http://t9x.7j.sl.pt","http://cdn.labs.oneoverzero.org/MakerFaire2015/FNF7-0MDW/","mkdir FNF7-0MDW"
438,"http://t9x.7k.sl.pt","http://cdn.labs.oneoverzero.org/MakerFaire2015/TJND-GB6E/","mkdir TJND-GB6E"
439,"http://t9x.7m.sl.pt","http://cdn.labs.oneoverzero.org/MakerFaire2015/DO70-2MYK/","mkdir DO70-2MYK"
440,"http://t9x.7o.sl.pt","http://cdn.labs.oneoverzero.org/MakerFaire2015/WSJ0-BODP/","mkdir WSJ0-BODP"
441,"http://t9x.7q.sl.pt","http://cdn.labs.oneoverzero.org/MakerFaire2015/654Z-AOUC/","mkdir 654Z-AOUC"
442,"http://t9x.7t.sl.pt","http://cdn.labs.oneoverzero.org/MakerFaire2015/JAQ6-U802/","mkdir JAQ6-U802"
443,"http://t9x.7u.sl.pt","http://cdn.labs.oneoverzero.org/MakerFaire2015/5Z3E-7AHV/","mkdir 5Z3E-7AHV"
444,"http://t9x.7w.sl.pt","http://cdn.labs.oneoverzero.org/MakerFaire2015/KJFM-NGY2/","mkdir KJFM-NGY2"
445,"http://t9x.7y.sl.pt","http://cdn.labs.oneoverzero.org/MakerFaire2015/2STD-MV9Z/","mkdir 2STD-MV9Z"
446,"http://t9x.80.sl.pt","http://cdn.labs.oneoverzero.org/MakerFaire2015/BXHK-9O6L/","mkdir BXHK-9O6L"
447,"http://t9x.82.sl.pt","http://cdn.labs.oneoverzero.org/MakerFaire2015/0S6D-CF64/","mkdir 0S6D-CF64"
448,"http://t9x.84.sl.pt","http://cdn.labs.oneoverzero.org/MakerFaire2015/F60A-3JIP/","mkdir F60A-3JIP"
449,"http://t9x.86.sl.pt","http://cdn.labs.oneoverzero.org/MakerFaire2015/TLY6-TUK1/","mkdir TLY6-TUK1"
450,"http://t9x.89.sl.pt","http://cdn.labs.oneoverzero.org/MakerFaire2015/Z3S8-BE14/","mkdir Z3S8-BE14"
451,"http://t9x.8a.sl.pt","http://cdn.labs.oneoverzero.org/MakerFaire2015/4CAB-WC65/","mkdir 4CAB-WC65"
452,"http://t9x.8c.sl.pt","http://cdn.labs.oneoverzero.org/MakerFaire2015/2X95-13DW/","mkdir 2X95-13DW"
453,"http://t9x.8e.sl.pt","http://cdn.labs.oneoverzero.org/MakerFaire2015/SDJD-0JEZ/","mkdir SDJD-0JEZ"
454,"http://t9x.8g.sl.pt","http://cdn.labs.oneoverzero.org/MakerFaire2015/JVTE-A78F/","mkdir JVTE-A78F"
455,"http://t9x.8i.sl.pt","http://cdn.labs.oneoverzero.org/MakerFaire2015/EAQS-PCY9/","mkdir EAQS-PCY9"
456,"http://t9x.8k.sl.pt","http://cdn.labs.oneoverzero.org/MakerFaire2015/Z4H2-08A9/","mkdir Z4H2-08A9"
457,"http://t9x.8m.sl.pt","http://cdn.labs.oneoverzero.org/MakerFaire2015/72MC-ESIF/","mkdir 72MC-ESIF"
458,"http://t9x.8o.sl.pt","http://cdn.labs.oneoverzero.org/MakerFaire2015/LT5Y-H8H1/","mkdir LT5Y-H8H1"
459,"http://t9x.8q.sl.pt","http://cdn.labs.oneoverzero.org/MakerFaire2015/5JRV-WUNP/","mkdir 5JRV-WUNP"
460,"http://t9x.8s.sl.pt","http://cdn.labs.oneoverzero.org/MakerFaire2015/OFR0-LHO0/","mkdir OFR0-LHO0"
461,"http://t9x.8u.sl.pt","http://cdn.labs.oneoverzero.org/MakerFaire2015/8EUE-J8EK/","mkdir 8EUE-J8EK"
462,"http://t9x.8x.sl.pt","http://cdn.labs.oneoverzero.org/MakerFaire2015/U2YU-0NHH/","mkdir U2YU-0NHH"
463,"http://t9x.8y.sl.pt","http://cdn.labs.oneoverzero.org/MakerFaire2015/1LQS-3DG8/","mkdir 1LQS-3DG8"
464,"http://t9x.90.sl.pt","http://cdn.labs.oneoverzero.org/MakerFaire2015/SXEM-KPZJ/","mkdir SXEM-KPZJ"
465,"http://t9x.93.sl.pt","http://cdn.labs.oneoverzero.org/MakerFaire2015/SCAI-1QLH/","mkdir SCAI-1QLH"
466,"http://t9x.94.sl.pt","http://cdn.labs.oneoverzero.org/MakerFaire2015/25QP-2KH2/","mkdir 25QP-2KH2"
467,"http://t9x.96.sl.pt","http://cdn.labs.oneoverzero.org/MakerFaire2015/HDOC-82SK/","mkdir HDOC-82SK"
468,"http://t9x.98.sl.pt","http://cdn.labs.oneoverzero.org/MakerFaire2015/ZHRB-60BQ/","mkdir ZHRB-60BQ"
469,"http://t9x.9a.sl.pt","http://cdn.labs.oneoverzero.org/MakerFaire2015/H2XA-09ZK/","mkdir H2XA-09ZK"
470,"http://t9x.9c.sl.pt","http://cdn.labs.oneoverzero.org/MakerFaire2015/15WF-UWF4/","mkdir 15WF-UWF4"
471,"http://t9x.9f.sl.pt","http://cdn.labs.oneoverzero.org/MakerFaire2015/88P4-589Y/","mkdir 88P4-589Y"
472,"http://t9x.9h.sl.pt","http://cdn.labs.oneoverzero.org/MakerFaire2015/M0U3-2B0K/","mkdir M0U3-2B0K"
473,"http://t9x.9i.sl.pt","http://cdn.labs.oneoverzero.org/MakerFaire2015/RRJN-A1LG/","mkdir RRJN-A1LG"
474,"http://t9x.9k.sl.pt","http://cdn.labs.oneoverzero.org/MakerFaire2015/BNJN-J033/","mkdir BNJN-J033"
475,"http://t9x.9m.sl.pt","http://cdn.labs.oneoverzero.org/MakerFaire2015/ST8Y-FMHE/","mkdir ST8Y-FMHE"
476,"http://t9x.9p.sl.pt","http://cdn.labs.oneoverzero.org/MakerFaire2015/2MUD-1NLB/","mkdir 2MUD-1NLB"
477,"http://t9x.9q.sl.pt","http://cdn.labs.oneoverzero.org/MakerFaire2015/JIR8-X8VA/","mkdir JIR8-X8VA"
478,"http://t9x.9s.sl.pt","http://cdn.labs.oneoverzero.org/MakerFaire2015/MFOA-278P/","mkdir MFOA-278P"
479,"http://t9x.9u.sl.pt","http://cdn.labs.oneoverzero.org/MakerFaire2015/FK3U-SNAQ/","mkdir FK3U-SNAQ"
480,"http://t9x.9w.sl.pt","http://cdn.labs.oneoverzero.org/MakerFaire2015/LH9V-QCIL/","mkdir LH9V-QCIL"
481,"http://t9x.9y.sl.pt","http://cdn.labs.oneoverzero.org/MakerFaire2015/HX6E-5DQZ/","mkdir HX6E-5DQZ"
482,"http://t9x.a0.sl.pt","http://cdn.labs.oneoverzero.org/MakerFaire2015/O7RW-7JC1/","mkdir O7RW-7JC1"
483,"http://t9x.a3.sl.pt","http://cdn.labs.oneoverzero.org/MakerFaire2015/4HMA-IIKQ/","mkdir 4HMA-IIKQ"
484,"http://t9x.a4.sl.pt","http://cdn.labs.oneoverzero.org/MakerFaire2015/TTAS-WTAA/","mkdir TTAS-WTAA"
485,"http://t9x.a6.sl.pt","http://cdn.labs.oneoverzero.org/MakerFaire2015/GECK-1FSM/","mkdir GECK-1FSM"
486,"http://t9x.a8.sl.pt","http://cdn.labs.oneoverzero.org/MakerFaire2015/CMTO-HVGS/","mkdir CMTO-HVGS"
487,"http://t9x.aa.sl.pt","http://cdn.labs.oneoverzero.org/MakerFaire2015/SEYY-RXPR/","mkdir SEYY-RXPR"
488,"http://t9x.ad.sl.pt","http://cdn.labs.oneoverzero.org/MakerFaire2015/PLHX-L44S/","mkdir PLHX-L44S"
489,"http://t9x.ae.sl.pt","http://cdn.labs.oneoverzero.org/MakerFaire2015/IGRY-BSI1/","mkdir IGRY-BSI1"
490,"http://t9x.ag.sl.pt","http://cdn.labs.oneoverzero.org/MakerFaire2015/G6TQ-INQN/","mkdir G6TQ-INQN"
491,"http://t9x.ai.sl.pt","http://cdn.labs.oneoverzero.org/MakerFaire2015/6L0Q-RG8V/","mkdir 6L0Q-RG8V"
492,"http://t9x.ak.sl.pt","http://cdn.labs.oneoverzero.org/MakerFaire2015/21DK-AXED/","mkdir 21DK-AXED"
493,"http://t9x.am.sl.pt","http://cdn.labs.oneoverzero.org/MakerFaire2015/K60Z-E3RZ/","mkdir K60Z-E3RZ"
494,"http://t9x.ao.sl.pt","http://cdn.labs.oneoverzero.org/MakerFaire2015/SHHD-KKE5/","mkdir SHHD-KKE5"
495,"http://t9x.ar.sl.pt","http://cdn.labs.oneoverzero.org/MakerFaire2015/ZAGV-0747/","mkdir ZAGV-0747"
496,"http://t9x.at.sl.pt","http://cdn.labs.oneoverzero.org/MakerFaire2015/M6KP-2BI4/","mkdir M6KP-2BI4"
497,"http://t9x.au.sl.pt","http://cdn.labs.oneoverzero.org/MakerFaire2015/7TTU-21CX/","mkdir 7TTU-21CX"
498,"http://t9x.ax.sl.pt","http://cdn.labs.oneoverzero.org/MakerFaire2015/D5SU-91KL/","mkdir D5SU-91KL"
499,"http://t9x.az.sl.pt","http://cdn.labs.oneoverzero.org/MakerFaire2015/GHEI-1D0G/","mkdir GHEI-1D0G"
500,"http://t9x.b0.sl.pt","http://cdn.labs.oneoverzero.org/MakerFaire2015/MN07-3OSD/","mkdir MN07-3OSD"
501,"http://t9x.b2.sl.pt","http://cdn.labs.oneoverzero.org/MakerFaire2015/3MKZ-TXK8/","mkdir 3MKZ-TXK8"
502,"http://t9x.b4.sl.pt","http://cdn.labs.oneoverzero.org/MakerFaire2015/LH9T-TJ79/","mkdir LH9T-TJ79"
503,"http://t9x.b7.sl.pt","http://cdn.labs.oneoverzero.org/MakerFaire2015/F8YZ-VDI6/","mkdir F8YZ-VDI6"
504,"http://t9x.b8.sl.pt","http://cdn.labs.oneoverzero.org/MakerFaire2015/NGTQ-8D8P/","mkdir NGTQ-8D8P"
505,"http://t9x.ba.sl.pt","http://cdn.labs.oneoverzero.org/MakerFaire2015/87NM-KHWM/","mkdir 87NM-KHWM"
506,"http://t9x.bd.sl.pt","http://cdn.labs.oneoverzero.org/MakerFaire2015/O0GM-XIDB/","mkdir O0GM-XIDB"
507,"http://t9x.be.sl.pt","http://cdn.labs.oneoverzero.org/MakerFaire2015/2HT5-V979/","mkdir 2HT5-V979"
508,"http://t9x.bg.sl.pt","http://cdn.labs.oneoverzero.org/MakerFaire2015/ACEO-4KTU/","mkdir ACEO-4KTU"
509,"http://t9x.bi.sl.pt","http://cdn.labs.oneoverzero.org/MakerFaire2015/JICH-3YWC/","mkdir JICH-3YWC"
510,"http://t9x.bk.sl.pt","http://cdn.labs.oneoverzero.org/MakerFaire2015/FSDA-IVPM/","mkdir FSDA-IVPM"
511,"http://t9x.bm.sl.pt","http://cdn.labs.oneoverzero.org/MakerFaire2015/IVJN-ZVHW/","mkdir IVJN-ZVHW"
